{
  "name": "磁引仪式",
  "icon": "minecraft:iron_ore",
  "category": "bloodmagic:rituals/ritual_list",
  "pages": [
    {
      "type": "multiblock",
      "name": "磁引仪式",
      "multiblock_id": "bloodmagic:magnetism",
      "text": "使用$(l:bloodmagic:rituals/ritual_diviner#dusk)仪式占卜杖 [薄暮]$(/l)以方便建造。"
    },
    {
      "type": "bloodmagic:ritual_info",
      "ritual": "magnetism"
    },
    {
      "type": "patchouli:text",
      "text": "预设情况下，$()磁引仪式$()会在半径为3的范围内搜索至基岩，并从$(item)主仪式石$()吸引矿石。这可以透过在主仪式石正下方放置一个昂贵的方块来增强，接受: $(br)$(li)$(item)铁方块$() - 7 方块。 $(li)$(item)黄金方块$() - 15 方块。 $(li)$(item)钻石方块$() - 31 方块。"
    },
    {
      "type": "bloodmagic:ritual_data",
      "ritual": "magnetism",
      "page_type": "placementRange",
      "text_overrides": [
        ["ores", "item"]
      ]
    }
  ]
}
