{
  "name": "速度仪式",
  "icon": "minecraft:sugar",
  "category": "bloodmagic:rituals/ritual_list",
  "pages": [
    {
      "type": "patchouli:multiblock",
      "name": "速度仪式",
      "multiblock_id": "bloodmagic:speed",
      "text": "使用$(l:bloodmagic:rituals/ritual_diviner#dusk)仪式占卜杖 [薄暮]$(/l)以方便建造。"
    },
    {
      "type": "bloodmagic:ritual_info",
      "ritual": "speed"
    },
    {
      "type": "bloodmagic:ritual_data",
      "ritual": "speed",
      "page_type": "raw",
      "text_overrides": [
        ["Raw Will", "raw"]
      ]
    },
    {
      "type": "bloodmagic:ritual_data",
      "ritual": "speed",
      "page_type": "corrosive"
    },
    {
      "type": "bloodmagic:ritual_data",
      "ritual": "speed",
      "page_type": "vengeful"
    },
    {
      "type": "bloodmagic:ritual_data",
      "ritual": "speed",
      "page_type": "destructive",
      "text_overrides": [
        ["Destructive Will", "destructive"]
      ]
    },
    {
      "type": "bloodmagic:ritual_data",
      "ritual": "speed",
      "page_type": "steadfast"
    },
    {
      "type": "bloodmagic:ritual_data",
      "ritual": "speed",
      "page_type": "sanicRange"
    }
  ]
}
