{
  "name": "丰收之月仪式",
  "icon": "minecraft:wheat",
  "category": "bloodmagic:rituals/ritual_list",
  "pages": [
    {
      "type": "multiblock",
      "name": "丰收之月仪式",
      "multiblock_id": "bloodmagic:harvest",
      "text": "使用$(l:bloodmagic:rituals/ritual_diviner#dusk)仪式占卜杖 [薄暮]$(/l)以方便建造。"
    },
    {
      "type": "bloodmagic:ritual_info",
      "ritual": "harvest"
    },
    {
      "type": "bloodmagic:ritual_data",
      "ritual": "harvest",
      "page_type": "harvestRange"
    }
  ]
}
