{
  "name": "夜曲仪式",
  "icon": "minecraft:water_bucket",
  "category": "bloodmagic:rituals/ritual_list",
  "pages": [
    {
      "type": "multiblock",
      "name": "夜曲仪式",
      "multiblock_id": "bloodmagic:water",
      "text": "使用$(l:bloodmagic:rituals/ritual_diviner#dusk)仪式占卜杖 [薄暮]$(/l)以方便建造。"
    },
    {
      "type": "bloodmagic:ritual_info",
      "ritual": "water",
      "text_overrides": [
        ["Master Ritual Stone", "l:bloodmagic:rituals/ritual_stones"]
      ]
    },
    {
      "type": "bloodmagic:ritual_data",
      "ritual": "water",
      "page_type": "waterRange"
    }
  ]
}
