{
  "name": "再生仪式",
  "icon": "minecraft:golden_apple",
  "category": "bloodmagic:rituals/ritual_list",
  "pages": [
    {
      "type": "multiblock",
      "name": "再生仪式",
      "multiblock_id": "bloodmagic:regeneration",
      "text": "使用$(l:bloodmagic:rituals/ritual_diviner#dusk)仪式占卜杖 [薄暮]$(/l)以方便建造。"
    },
    {
      "type": "bloodmagic:ritual_info",
      "ritual": "regeneration"
    },
    {
      "type": "bloodmagic:ritual_data",
      "ritual": "regeneration",
      "page_type": "corrosive"
    },
    {
      "type": "bloodmagic:ritual_data",
      "ritual": "regeneration",
      "page_type": "heal"
    },
    {
      "type": "bloodmagic:ritual_data",
      "ritual": "regeneration",
      "page_type": "vampire",
      "text": "需要$(corrosive)腐蚀意志$()。"
    }
  ]
}
