{
  "name": "束灵铠甲基础",
  "icon": "bloodmagic:reagentbinding",
  "category": "bloodmagic:alchemy_array/living_equipment",
  "extra_recipe_mappings": {
    "bloodmagic:reagentbinding": 1,
    "bloodmagic:livinghelmet": 3,
    "bloodmagic:livingplate": 3,
    "bloodmagic:livingleggings": 3,
    "bloodmagic:livingboots": 3
  },
  "pages": [
    {
      "type": "patchouli:text",
      "text": "要制造$(item)束灵装备$()，首先要准备$(item)铁甲$() (或者叫$(item)铁装甲$()，如果你喜欢)，一些$(l:bloodmagic:alchemy_array/functional_arrays/arcane_ash)奥术灰烬$()，以及一些$(item)束缚试剂$()。还需要至少一个$(br)$(l:bloodmagic:demon_will/will_manipulation/soul_gem)普通地狱魂石$()用来维持$(item)恶魔意志$()需求。"
    },
    {
      "type": "bloodmagic:crafting_alchemy_table",
      "heading": "束缚试剂",
      "recipe": "bloodmagic:alchemytable/reagent_binding",
      "text": "$(italic)它紧紧地拥抱著我...$() $(br2)$(br2)$(item)束灵装备$()在耐久度方面相当于$(item)钻石装甲$()，也能够在$(thing)铁砧$()上使用更多$(thing)束缚试剂$()进行修复。"
    },
    {
      "type": "patchouli:text",
      "text": "和其他炼金阵一样，在看著其他方块时手持$(item)奥术灰烬$()按下[$(k:use)]，然后加入$(item)束缚试剂$()。之后放入你的$(item)铁制头盔$()，$(item)铁制胸甲$()，$(item)铁制护腿$()以及$(item)铁制靴子$()，站在后方，好好欣赏。$(br2)束灵铠甲刚开始和铁制装甲相同，但它有$(thing)升级点数$()可以使用，要注意，有很多方法可以训练它。从100开始，但也许可能超越限制..."
    },
    {
      "type": "bloodmagic:crafting_array",
      "heading": "束缚仪式",
      "recipe": "bloodmagic:array/living_helmet",
      "text": "它是活的，好吧...并且它正在跟你学习。你最好小心教给他的知识。 $(br2)当你看著它可以按下[$(k:sneak)]观察它目前为止学习到的知识。"
    }
  ]
}
