{
  "name": "矿工之密",
  "icon": "bloodmagic:hidden_knowledge_anointment",
  "category": "bloodmagic:alchemy_table/anointments",
  "pages": [
    {
      "type": "bloodmagic:crafting_alchemy_table",
      "heading": "矿工之密",
      "recipe": "bloodmagic:alchemytable/hidden_knowledge_anointment",
      "text": "成功挖掘方块会额外追加经验奖励。每个方块+2经验值。掉落追加奖励时消耗。$(br2)有效物品:工具，剑。$(br2)套用: 矿工之密 I (256 经验掉落方块)"
    },
    {
      "type": "bloodmagic:crafting_alchemy_table",
      "heading": "矿工之密 L",
      "recipe": "bloodmagic:alchemytable/hidden_knowledge_anointment_l",
      "text": "这种升级版的药剂可延长4倍效果次数。 $(br2)套用: 矿工之密 I (1024 经验掉落方块)"
    },
    {
      "type": "bloodmagic:crafting_alchemy_table",
      "heading": "矿工之密 II",
      "recipe": "bloodmagic:alchemytable/hidden_knowledge_anointment_2",
      "text": "这种升级版药剂可以使追加奖励增加为+4经验。 $(br2)套用: 矿工之密 II (256 经验掉落方块)"
    },
    {
      "type": "bloodmagic:crafting_alchemy_table",
      "heading": "矿工之密 XL",
      "recipe": "bloodmagic:alchemytable/hidden_knowledge_anointment_xl",
      "text": "这种升级版的药剂可延长16倍效果次数。 $(br2)套用: 矿工之密 I (4096 经验掉落方块)"
    },
    {
      "type": "bloodmagic:crafting_alchemy_table",
      "heading": "矿工之密 III",
      "recipe": "bloodmagic:alchemytable/hidden_knowledge_anointment_3",
      "text": "这种升级版药剂可以使追加奖励增加为+6经验。 $(br2)套用: 矿工之密 III (256 经验掉落方块)"
    }
  ]
}