{
  "name": "掠夺闪芒",
  "icon": "bloodmagic:looting_anointment",
  "category": "bloodmagic:alchemy_table/anointments",
  "pages": [
    {
      "type": "bloodmagic:crafting_alchemy_table",
      "heading": "掠夺闪芒",
      "recipe": "bloodmagic:alchemytable/looting_anointment",
      "text": "增加从生物获取的掉落物，可与掠夺附魔叠加。$(br2)有效物品:工具，剑。$(br2)套用: 掠夺I (256 击中)"
    },
    {
      "type": "bloodmagic:crafting_alchemy_table",
      "heading": "掠夺闪芒L",
      "recipe": "bloodmagic:alchemytable/looting_anointment_l",
      "text": "这种升级版的药剂可延长4倍效果次数。 $(br2)套用: 掠夺I (1024 击中)"
    },
    {
      "type": "bloodmagic:crafting_alchemy_table",
      "heading": "掠夺闪芒II",
      "recipe": "bloodmagic:alchemytable/looting_anointment_2",
      "text": "这种升级版药剂可以更加提高获取的掉落物。 $(br2)套用: 掠夺II (256 击中)"
    },
    {
      "type": "bloodmagic:crafting_alchemy_table",
      "heading": "掠夺闪芒XL",
      "recipe": "bloodmagic:alchemytable/looting_anointment_xl",
      "text": "这种升级版的药剂可延长16倍效果次数。 $(br2)套用: 掠夺I (4096 击中)"
    },
    {
      "type": "bloodmagic:crafting_alchemy_table",
      "heading": "掠夺闪芒III",
      "recipe": "bloodmagic:alchemytable/looting_anointment_3",
      "text": "这种升级版药剂可以更加提高获取的掉落物。 $(br2)套用: 掠夺III (256 击中)"
    }
  ]
}