{
  "name": "漂浮",
  "icon": "minecraft:shulker_shell",
  "category": "bloodmagic:alchemy_table/potion_flasks/vanilla",
  "pages": [
    {
      "type": "patchouli:text",
      "text": "$(thing)漂浮$()使目标浮在空中。更高的等级将使目标漂浮的速度更快。$(br2)由$(l:bloodmagic:alchemy_table/potion_flasks/vanilla/slow_falling)缓降$()效果药水所制作。"
    },
    {
      "type": "bloodmagic:3x_crafting_flask",
      "a.heading": "漂浮 (3:00)",
      "a.recipe": "bloodmagic:flask/fall_to_levitation",
      "b.heading": "漂浮 (8:00)",
      "b.recipe": "bloodmagic:flask/length_levitation",
      "c.heading": "漂浮 II (1:30)",
      "c.recipe": "bloodmagic:flask/potency_levitation"
    },
    {
      "type": "patchouli:text",
      "text": "添加$(l:bloodmagic:alchemy_table/potions#average_potions)标准催化剂$()可以更进一步提升效果。"
    },
    {
      "type": "bloodmagic:2x_crafting_flask",
      "a.heading": "漂浮 III (0:45)",
      "a.recipe": "bloodmagic:flask/potency_average_levitation",
      "b.heading": "漂浮 (21:20)",
      "b.recipe": "bloodmagic:flask/length_average_levitation"
    }
  ]
}
