{
  "name": "夜视",
  "icon": "minecraft:golden_carrot",
  "category": "bloodmagic:alchemy_table/potion_flasks/vanilla",
  "pages": [
    {
      "type": "patchouli:text",
      "text": "$(thing)夜视$()增加目标在黑暗及水中的观察能力。"
    },
    {
      "type": "bloodmagic:3x_crafting_flask",
      "a.heading": "夜视 (3:00)",
      "a.recipe": "bloodmagic:flask/night_vision",
      "b.heading": "夜视 (8:00)",
      "b.recipe": "bloodmagic:flask/length_night_vision",
      "c.heading": "夜视 (21:20)",
      "c.recipe": "bloodmagic:flask/length_average_night_vision"
    }
  ]
}
