{
  "name": "恶魔意志类型",
  "icon": "bloodmagic:vengefulcrystal",
  "category": "bloodmagic:demon_will/will_manipulation",
  "extra_recipe_mappings": {
    "bloodmagic:steadfastdemoncrystal": 2,
    "bloodmagic:corrosivedemoncrystal": 2,
    "bloodmagic:destructivedemoncrystal": 2,
    "bloodmagic:vengefuldemoncrystal": 2,
    "bloodmagic:steadfastcrystal": 2,
    "bloodmagic:corrosivecrystal": 2,
    "bloodmagic:destructivecrystal": 2,
    "bloodmagic:vengefulcrystal": 2,
    "bloodmagic:basemonstersoul_vengeful": 2,
    "bloodmagic:basemonstersoul_corrosive": 2,
    "bloodmagic:basemonstersoul_steadfast": 2,
    "bloodmagic:basemonstersoul_destructive": 2
  },
  "pages": [
    {
      "type": "patchouli:text",
      "text": "往空中释放$(l:bloodmagic:demon_will/will_manipulation/demon_will)恶魔意志$()绝对是一个好主意。它不仅证明在增强$(item)仪式$()上最有用，你还能够将其压缩为$(l:bloodmagic:demon_will/will_manipulation/crystallized_will)意志结晶$()，并想想下一步怎么做。$(br2)这些$(item)结晶$()让你感到...敌意。某种$(l:bloodmagic:rituals/ritual_list/ritual_crystal_split)仪式$()可能有助于将它们转化为更纯净的形式..."
    },
    {
      "type": "patchouli:image",
      "images": [
        "bloodmagic:images/entries/demon_will/will_splitting.png"
      ],
      "title": "意志方面",
      "border": true,
      "text": "活化的$(l:bloodmagic:rituals/ritual_list/ritual_crystal_split)水晶共鸣仪式$()。"
    },
    {
      "type": "patchouli:text",
      "text": "现在我们有$(item)结晶化的意志$()四种不同的口味!在$(water)水之符文$()中我们有$(steadfast)坚毅意志$()，对于$(#ADFEDC)风之符文$()我们得到了$(#ADFEDC)破坏意志$()，对于$(fire)火之符文$()则有$(vengeful)复仇意志$()以及对于$(earth)土之符文$()我们找到了$(corrosive)腐蚀意志。$() $(br2)这些不同类型的新型意志可以在$(item)恶魔坩锅$()就像原始意志，从那里输入至各种仪式，达到伟大且迷人的效果。"
    },
    {
      "type": "patchouli:text",
      "anchor": "sentient_aspects",
      "text": "然而，它们也能改变你的感知工具的行为模式。$(br) $(li)$(raw)原始意志$():增加伤害。 $(corrosive)$(li)腐蚀意志$(): 攻击有机率对你的敌人施加中毒或凋零，其余方面与$(raw)原始意志$()相同。 $(vengeful)$(li)复仇意志$(): 增加伤害，但不如$(raw)原始意志$()。增加攻击速度。给予移动速度BUFF，随意志量增加。"
    },
    {
      "type": "patchouli:text",
      "text": "$(steadfast)$(li)坚毅意志:增加伤害，(但不如$(raw)原始意志$())以及在击杀后给予吸收。$(#ADFEDC)$(li)破坏意志$():增加伤害，比其他意志更多，但会降低攻击速度。"
    },
    {
      "type": "patchouli:text",
      "text": "你可能想知道：“我到底要怎么把意志转换为可用的形式？”好吧，这答案很简单。只需要将一个空的$(l:bloodmagic:demon_will/will_manipulation/soul_gem)地狱魂石$()放入$(l:bloodmagic:demon_will/will_manipulation/soul_forge)狱火锻造炉$()并与$(item)恶魔坩锅$()在同一区块，然后将所需要的意志水晶丢进恶魔坩锅，你的$(l:bloodmagic:demon_will/will_manipulation/soul_gem)地狱魂石$()将会吸收该意志。你可以在持有$(raw)感知工具$()时按下[$(k:use)]改变你使用的意志。"
    },
    {
      "type": "patchouli:text",
      "text": "请注意，你的$(item)感知工具$()将会获取你身上最大数量的$(raw)意志$()。如果你携带10个$(corrosive)腐蚀意志$()和一个$(l:bloodmagic:demon_will/will_manipulation/soul_gem)地狱魂石$()，以及1,000 $(raw)原始意志$()在另一个中，那么你的剑将会保持在$(raw)原始意志$()。$(br2)$(l:bloodmagic:demon_will/will_manipulation/soul_forge)狱火锻造炉$()制作时可以接收任何类型的$(raw)意志$()，所以不用担心要在不同$(item)地狱魂石$()处理多种类型的意志。"
    }
  ]
}
