{
  "name": "恶魔意志测量器",
  "icon": "bloodmagic:demonwillgauge",
  "category": "bloodmagic:demon_will/will_manipulation",
  "pages": [
    {
      "type": "patchouli:text",
      "text": "当在玩家的背包中，$(item)恶魔意志测量器$()将显示一个HUD，将显示在此区域的$(l:bloodmagic:demon_will/will_manipulation/aura)灵气$()中有多少$(raw)恶魔意志$()。$(br2)从上到下，被测量的意志类型有:$(li)$(raw)原始意志$() $(li)$(corrosive)腐蚀$() $(li)$(steadfast)坚毅$() $(li)$(#ADFEDC)破坏$() $(li)$(vengeful)复仇$()"
    },
    {
      "type": "bloodmagic:crafting_soulforge",
      "recipe": "bloodmagic:soulforge/demon_will_gauge",
      "heading": "恶魔意志测量器",
      "text": "测量器的HUD请见背面。"
    },
    {
      "type": "patchouli:image",
      "images": [
        "bloodmagic:images/entries/demon_will/demon_will_aura_gauge.png"
      ],
      "title": "意志测量器HUD元素",
      "border": true
    },
    {
      "type": "patchouli:text",
      "text": "这个测量器将显示在萤幕左上方。量条将给你一个很好的估计，即在此区块中的每一种$(l:bloodmagic:demon_will/will_manipulation/aspected_will)意志类型$()。 $(br2)你可以按住[$(k:sneak)]来读取每个类型$(raw)意志$()的数值，从1到100。100为每一种类型$(raw)意志$()在区块中的最大含量。"
    }
  ]
}
