{
  "name": "地狱魂石",
  "icon": "bloodmagic:soulgemgreater",
  "category": "bloodmagic:demon_will/will_manipulation",

  "pages": [
    {
      "type": "patchouli:text",
      "text": "$(l:bloodmagic:demon_will/will_manipulation/demon_will)恶魔意志$()是非常有用的资源，但是到目前为止你得到的碎片明显缺乏力量。因此，需要一个储存物品;$(item)地狱魂石$()为此而生。更重要的是，它能够吸收可能在你周围的$(l:bloodmagic:demon_will/will_manipulation/demon_will)恶魔意志$()。只要将你闪亮全新的魂石扔在地上，就会开始吸收。"
    },
    {
      "type": "bloodmagic:crafting_soulforge",
      "heading": "微小地狱魂石",
      "recipe": "bloodmagic:soulforge/pettytartaricgem",
      "text": "你的第一个魂石最多可以容纳64$(l:bloodmagic:demon_will/will_manipulation/demon_will)意志$()。比以前乾净多了!$(br2)如果你想要把$(raw)意志$()转移到其他魂石，只需要按住[$(k:use)]并拿著你想清空的魂石，它会将它的意志转移到背包中找到的第一个有效魂石。"
    },
    {
      "type": "patchouli:text",
      "text": "$(item)微小地狱魂石$()是个有用的工具，但它显然缺乏力量。透过小心翼翼地将$(item)钻石$()， $(item)青金石$()，以及$(item)红石粉$()，进行处理后，你已经找到了新的方法能够获得两倍的储存能力。"
    },  
    {
      "type": "bloodmagic:crafting_soulforge",
      "heading": "小地狱魂石",
      "recipe": "bloodmagic:soulforge/lessertartaricgem",
      "text": "这个增强的魂石可以容纳256$(l:bloodmagic:demon_will/will_manipulation/demon_will)意志$()。 $(br2)提示:当你升级$(item)狱火锻造炉$()时只需要一个魂石，在尝试使用魂石槽的魂石$(raw)意志$()意志前，会从它正在制作的魂石中抽取意志。不用担心，新制作的魂石将保有制作过程后残留的所有$(raw)意志$()。"
    },
    {
      "type": "patchouli:text",
      "text": "$(item)小地狱魂石$()是一个显著的改进，但你再次感受到限制。想取得更进一步的发展，你必须专注于你的$(l:bloodmagic:altar/blood_altar)血祭坛$()，因为你将需要$(l:bloodmagic:altar/slates)灌输石板$()的力量。将石板与魂石结合，用一颗$(item)钻石$()以及$(item)金砖$()进一步提炼，你再次找到了新方法将储存空间提升两倍。"
    },  
    {
      "type": "bloodmagic:crafting_soulforge",
      "heading": "普通地狱魂石",
      "recipe": "bloodmagic:soulforge/commontartaricgem",
      "text": "这个复杂的魂石可以容纳1,024$(l:bloodmagic:demon_will/will_manipulation/demon_will)意志$()。"
    },
    {
      "type": "patchouli:text",
      "text": "很显然地,你超越了自己制造出了$(item)普通地狱魂石$()，但你认为你能够做到更多。然而，想从魂石中获取更多，就必须要你至今学会的知识发挥到极致。现在你不仅需要一个$(l:bloodmagic:altar/slates)恶魔合金石板$()，还需要$(l:bloodmagic:utility/alchemical_reaction_chamber#blood_shard)微弱血碎片$() $(o)以及$()$(l:bloodmagic:demon_will/will_manipulation/crystallized_will)恶魔意志水晶$()。当然，这也会带来相应的回报，为你的$(l:bloodmagic:demon_will/demonic_items/sentient_tools)感知工具$()提供前所未见的力量..."
    },
    {
      "type": "bloodmagic:crafting_soulforge",
      "heading": "大块地狱魂石",
      "recipe": "bloodmagic:soulforge/greatertartaricgem",
      "text": "这个人工的杰作可以容纳4,096$(l:bloodmagic:demon_will/will_manipulation/demon_will)意志$()。"
    },
    {
      "type": "patchouli:text",
      "flag": "mod:curios",
      "text": "由于你安装了$(thing)Curios API$()，你可以在项链栏位装备$(item)地狱魂石$()。如果你想同时配戴更多饰品，考虑使用 $(l:bloodmagic:alchemy_array/sigil/holding)维持印记$()，或者为你的$(l:bloodmagic:alchemy_array/living_equipment/living_basics)束灵铠甲$()提供$(l:bloodmagic:alchemy_array/living_equipment/armor_upgrades/curios_sockets)插槽$()。"
    }
  ]
}
