{
  "name": "尖刺阵",
  "icon": "minecraft:iron_ingot",
  "category": "bloodmagic:alchemy_array/functional_array",
  "pages": [
    {
      "type": "patchouli:text",
      "text": "尖刺阵是一个简单的炼金阵，只有一个目的。当有生物踏入这个炼金阵时，他们会持续受到一颗心的伤害。这很适合用来做生物陷阱，或者让你的基地对其他人来说更加尖锐。"
    },
    {
      "type": "bloodmagic:functional_array",
      "heading": "尖刺阵",
      "recipe": "bloodmagic:array/spike",
      "image": "spikearray.png"
    }
  ]
}
