{
  "name": "生命精华桶",
  "icon": "bloodmagic:life_essence_bucket",
  "category": "bloodmagic:utility",
  "pages": [
    {
      "type": "patchouli:text",
      "text": "$(blood)生命精华$()在$(l:bloodmagic:altar/blood_altar)血祭坛$()内是很好用的，能够用来制作物品也能在$(l:bloodmagic:altar/soul_network)宝珠$()上为$(thing)仪式$()提供能量，但如果你想在$(l:bloodmagic:utility/incense_altar)薰香祭坛$()周围建立一个护城河呢?幸运的是，提取$(blood)生命精华$()非常的简单。只需要在$(l:bloodmagic:altar/blood_altar)血祭坛$()中放上$(item)铁桶$()，然后等个几秒等它填满。$(blood)1 LP$()=1mb，所以$(blood)1,000 LP$()对你来说应该能够填满$(item)铁桶$()了。"
    },
    {
      "type": "bloodmagic:crafting_altar",
      "heading": "Bucket of Life",
      "recipe": "bloodmagic:altar/bucket_life",
      "text": "$(italic)这绝对不是血，如果是血应该已经凝固了。$(br2)...你为什么要这样看著我?$()"
    }
  ]
}
