{
  "name": "红石与自动化",
  "icon": "minecraft:redstone",
  "category": "bloodmagic:altar",
  "pages": [
    {
      "type": "patchouli:text",
      "text": "$(l:bloodmagic:altar/blood_altar)血祭坛$()是个奇幻的工具，但待在那边等待石板制作并不是个好主意。幸运的是，物品及$(blood)LP$()能够透过管道自动进出祭坛，尽管有些事情需要注意。 $(br2)虽然一个简单的$(item)漏斗$()可以让你输入物品，但祭坛并不会阻止它输入超过1个物品，它会很高兴的一次为你制作64个石板。"
    },
    {
      "type": "patchouli:text",
      "text": "所以将会消耗平时的64倍$(blood)LP$() - 但如果你没有办法提供足够的$(blood)LP$()，你将会遇上麻烦。 $(br2)此外，祭坛的输入及输出并没有区分，所以如果没有某种过滤器，物品会以你的物流系统所能处理的速度被输入输出。也许看一下$(l:bloodmagic:demon_will/item_routing/routing_nodes)路由节点$()会有帮助..."
    },
	{
      "type": "patchouli:text",
      "text": "祭坛还能够转移$(blood)生命精华$()至外部储罐。只需要连接液体管道，你就可以为之后的制作储存多余的$(blood)生命精华$()。$(br2)请注意，预设情况下转移速度非常缓慢。如果你想加快速度，最好研究一下$(l:bloodmagic:altar/blood_rune/acceleration_rune)加速符文$()及$(l:bloodmagic:altar/blood_rune/dislocation_rune)流动符文$()。"
    },
	{
      "type": "patchouli:text",
      "text": "请不要忘记$(blood)生命精华$()并不是直接由$(l:bloodmagic:altar/blood_altar)祭坛$()本身提取，而是由秘密的内部缓冲提取。这个储罐最多可以容纳$(thing)10%上限$()的$(blood)生命精华$()所以如果数字看起来没有完全增加，或者$(blood)生命精华$()看起来像是消失了，也许就是待在这里。同样的限制也适用于被输入的$(blood)生命精华$()。"
    },
    {
      "type": "patchouli:text",
      "text": "在$(l:bloodmagic:altar/blood_altar)血祭坛$()内的$(blood)生命精华$()可以透过在侧面放一个比较器读取，类似原版的箱子。$(br2)如果你在祭坛下放置了$(item)血石砖$()，比较器则会读取任何放入祭坛的血宝珠主人的$(l:bloodmagic:altar/soul_network)灵魂网路$(/l)数值，讯号强度取决于祭坛中宝珠的大小，而不是网路的最大$(blood)LP$()。"
    },
    {
      "type": "patchouli:text",
      "text": "例如，你拥有$(blood)500,000 LP$()，微弱血宝珠会显示完全充满，但大师血宝珠则显示半满。这能够用来，像是当你的$(blood)LP$()不足时停止仪式，以确保不会消耗殆尽。$(br2)最后，在祭坛下放置$(item)红石灯$()，则能够在完成制作时输出一个红石讯号。"
    }
  ]
}
