{
  "name": "标签物品过滤器",
  "icon": "bloodmagic:itemrouterfilteroredict",
  "category": "bloodmagic:demon_will/item_routing",
  "pages":[
    {
      "type": "patchouli:text",
      "text": "$(item)标签物品过滤器$()能够让你选择多达9种物品，并按照其设定好的$(thing)标签$()进行过滤。就像$(l:bloodmagic:demon_will/item_routing/standard_item_filter)标准物品过滤器$()，拥有一个数量选择器，和允许/拒绝的功能。将数量留空，预设为＂全部＂。$(br2)对于你放进这个过滤器的每个物品，你可以选择是否依据以下因素来匹配物品$(thing)一个特定标签$()，或$(thing)任何标签$()。"
    },
    {
      "type": "bloodmagic:crafting_alchemy_table",
      "heading": "标签物品过滤器",
      "recipe": "bloodmagic:alchemytable/tag_router_filter",
      "text": "这允许你拒绝/允许物品的类别，所以你可以指定所有带有$(thing)forge:ores$()的物品送入熔炉。"
    },
    {
      "type": "patchouli:image",
      "images": [
        "bloodmagic:images/entries/routing/tag_item_filter_gui.png",
        "bloodmagic:images/entries/routing/tag_item_filter_mouseover.png"
      ],
      "title": "标签物品过滤器 GUI",
      "border": true,
      "text": "能够设定过滤器的GUI以及文字。"
    }
  ]
}
