{
  "name": "增容符文",
  "icon": "bloodmagic:altarcapacityrune",
  "category": "bloodmagic:altar/blood_rune",
  "pages": [
    {
      "type": "patchouli:text",
      "text": "每颗$(item)增容符文$()能够使$(l:bloodmagic:altar/blood_altar)血祭坛$(/l)的容量上限+20%。"
    },
    {
      "type": "patchouli:crafting",
      "recipe": "bloodmagic:blood_rune_capacity"
    },
    {
      "type": "patchouli:crafting",
      "recipe": "bloodmagic:blood_rune_capacity_2",
      "text":"有了一些$(item)远古遗骸$()和一点从$(l:bloodmagic:dungeons/endless_realm)魔域$()掠夺来的$(item)精密狱火锻造组件$()，将能够让$(item)增容符文$()的能力加倍，使$(l:bloodmagic:altar/blood_altar)血祭坛$(/l)的容量上限增加为每颗+40%。"
    },
    {
      "type": "bloodmagic:crafting_arc",
      "recipe": "bloodmagic:arc/reversion/capacity",
      "text":"如果你改变主意，你可以在炼金术反应室改变配方。"
    }
  ]
}