{
  "name": "流动符文",
  "icon": "bloodmagic:dislocationrune",
  "category": "bloodmagic:altar/blood_rune",
  "pages": [
    {
      "type": "patchouli:text",
      "text": "$(item)流动符文$()能够将$(blood)生命精华$()的流动速度+20%。"
    },
    {
      "type": "patchouli:crafting",
      "recipe": "bloodmagic:blood_rune_displacement"
    },
    {
      "type": "patchouli:crafting",
      "recipe": "bloodmagic:blood_rune_displacement_2",
      "text":"有了一些$(item)远古遗骸$()和一点从$(l:bloodmagic:dungeons/endless_realm)魔域$()掠夺来的$(item)精密狱火锻造组件$()，将能够让$(item)流动符文$()的能力加倍，每一颗流动符文能够使流速乘+40%。"
    },
    {
      "type": "bloodmagic:crafting_arc",
      "recipe": "bloodmagic:arc/reversion/displacement",
      "text":"如果你改变主意，你可以在炼金术反应室改变配方。"
    }
  ]
}
