{
  "name": "宝珠符文",
  "icon": "bloodmagic:orbcapacityrune",
  "category": "bloodmagic:altar/blood_rune",
  "pages": [
    {
      "type": "patchouli:text",
      "text": "每颗$(item)宝珠符文$()能够让$(item)血宝珠$()在祭坛上为宝珠+2%容量。"
    },
    {
      "type": "patchouli:crafting",
      "recipe": "bloodmagic:blood_rune_orb"
    },
    {
      "type": "patchouli:crafting",
      "recipe": "bloodmagic:blood_rune_orb_2",
      "text":"有了一些$(item)远古遗骸$()和一点从$(l:bloodmagic:dungeons/endless_realm)魔域$()掠夺来的$(item)精密狱火锻造组件$()，将能够让$(item)宝珠符文$()的能力加倍，每一颗宝珠符文能够使容量+4%。"
    },
    {
      "type": "bloodmagic:crafting_arc",
      "recipe": "bloodmagic:arc/reversion/orb_rune",
      "text":"如果你改变主意，你可以在炼金术反应室改变配方。"
    }
  ]
}