{
  "name": "速度符文",
  "icon": "bloodmagic:speedrune",
  "category": "bloodmagic:altar/blood_rune",
  "pages": [
    {
      "type": "patchouli:text",
      "text": "$(item)速度符文$()能增加血祭坛的所有速度。每一个符文都会让制作速度(以及没有制作进度时遗失的速度)+20%。"
    },
    {
      "type": "patchouli:crafting",
      "recipe": "bloodmagic:blood_rune_speed"
    },
    {
      "type": "patchouli:crafting",
      "recipe": "bloodmagic:blood_rune_speed_2",
      "text":"有了一些$(item)远古遗骸$()和一点从$(l:bloodmagic:dungeons/endless_realm)魔域$()掠夺来的$(item)精密狱火锻造组件$()，将能够让$(item)速度符文$()的能力加倍，每一颗速度符文能够使速度+40%。"
    },
    {
      "type": "bloodmagic:crafting_arc",
      "recipe": "bloodmagic:arc/reversion/speed",
      "text":"如果你改变主意，你可以在炼金术反应室改变配方。"
    }
  ]
}