{
  "name": "飞行",
  "icon": "minecraft:feather",
  "category": "bloodmagic:alchemy_table/potion_flasks/blood_magic",
  "pages": [
    {
      "type": "patchouli:text",
      "text": "$(thing)飞行$()将会给予目标一个临时的创造模式飞行，类似于在$(l:bloodmagic:rituals/ritual_list/ritual_condor)秃鹰的崇敬$()仪式范围内。更高的等级将会提升飞行速度。 $(br2)它是由$(l:bloodmagic:alchemy_table/potion_flasks/blood_magic/suspended)悬浮$()及$(l:bloodmagic:alchemy_table/potion_flasks/vanilla/levitation)漂浮$()效果药水所制作。"
    },
    {
      "type": "bloodmagic:3x_crafting_flask",
      "a.heading": "飞行 (3:00)",
      "a.recipe": "bloodmagic:flask/suspended_to_flight",
      "b.heading": "飞行 (8:00)",
      "b.recipe": "bloodmagic:flask/length_flight",
      "c.heading": "飞行 II (1:30)",
      "c.recipe": "bloodmagic:flask/potency_flight"
    },
    {
      "type": "patchouli:text",
      "text": "添加$(l:bloodmagic:alchemy_table/potions#average_potions)标准催化剂$()可以更进一步提升效果。"
    },
    {
      "type": "bloodmagic:2x_crafting_flask",
      "a.heading": "飞行 III (0:45)",
      "a.recipe": "bloodmagic:flask/potency_average_flight",
      "b.heading": "飞行 (21:20)",
      "b.recipe": "bloodmagic:flask/length_average_flight"
    }
  ]
}
