{
  "name": "引力",
  "icon": "minecraft:tropical_fish",
  "category": "bloodmagic:alchemy_table/potion_flasks/blood_magic",
  "pages": [
    {
      "type": "patchouli:text",
      "text": "$(thing)引力$()导致目标更快速的坠落，并在著地时受到更多伤害。然而并不会减少跳跃高度。$(br2)它是由$(l:bloodmagic:alchemy_table/potion_flasks/blood_magic/grounded)接地$()及$(l:bloodmagic:alchemy_table/potion_flasks/vanilla/slow_falling)缓降$()效果药水所制作。"
    },
    {
      "type": "bloodmagic:3x_crafting_flask",
      "a.heading": "引力 (3:00)",
      "a.recipe": "bloodmagic:flask/gravity",
      "b.heading": "引力 (8:00)",
      "b.recipe": "bloodmagic:flask/length_gravity",
      "c.heading": "引力 II (1:30)",
      "c.recipe": "bloodmagic:flask/potency_gravity"
    },
    {
      "type": "patchouli:text",
      "text": "添加$(l:bloodmagic:alchemy_table/potions#average_potions)标准催化剂$()可以更进一步提升效果。"
    },
    {
      "type": "bloodmagic:2x_crafting_flask",
      "a.heading": "引力 III (0:45)",
      "a.recipe": "bloodmagic:flask/potency_average_gravity",
      "b.heading": "引力 (21:20)",
      "b.recipe": "bloodmagic:flask/length_average_gravity"
    }
  ]
}
