{
  "name": "被动",
  "icon": "minecraft:honeycomb",
  "category": "bloodmagic:alchemy_table/potion_flasks/blood_magic",
  "pages": [
    {
      "type": "patchouli:text",
      "text": "$(thing)被动$()阻止受影响的目标主动攻击，然而玩家并不会被影响。"
    },
    {
      "type": "bloodmagic:3x_crafting_flask",
      "a.heading": "被动 (3:00)",
      "a.recipe": "bloodmagic:flask/passivity",
      "b.heading": "被动 (8:00)",
      "b.recipe": "bloodmagic:flask/length_passivity",
      "c.heading": "被动 (21:20)",
      "c.recipe": "bloodmagic:flask/length_average_passivity"
    }
  ]
}
