{
  "name": "渴望战斗",
  "icon": "minecraft:rotten_flesh",
  "category": "bloodmagic:alchemy_array/living_equipment/armor_downgrades",
  "pages": [
    {
      "type": "patchouli:text",
      "text": "当你没有攻击生物，就会使你感到饥饿。更高的等级会使冷却时间更短，并使饥饿感更强。"
    },
    {
      "type": "bloodmagic:living_armour_downgrade",
      "a.recipe": "bloodmagic:downgrade/battle_hungry",
      "b.upgrade": "bloodmagic:battle_hungry"
    }
  ]
}