{
  "name": "维持印记",
  "icon": "bloodmagic:sigilofholding",
  "category": "bloodmagic:alchemy_array/sigil",
  "pages": [
    {
      "type": "patchouli:text",
      "text": "这个印记可以同时容纳最多5个其他的$(item)印记$()，为你提供它们的被动效果并且允许随时活化它们。$(br)在手持符文时按下[$(k:bloodmagic.keybind.open_holding)]$()打开。$(br)按下[$(k:bloodmagic.keybind.cycle_holding_pos)] 向前循环，$()或是[$(k:bloodmagic.keybind.cycle_holding_neg)]向后循环。$()按住[$(k:sneak)]并且使用滑鼠滚轮也可以。"
    },
    {
      "type": "bloodmagic:crafting_2-step_sigil",
      "alchemy_table.heading": "维持试剂",
      "alchemy_table.recipe": "bloodmagic:alchemytable/reagent_holding",
      "array.heading": "维持印记",
      "array.recipe": "bloodmagic:array/holdingsigil",
      "array.text": "$(italic)维持-印记"
    },
    {
      "type": "patchouli:text",
      "flag": "mod:curios",
      "text": "由于你安装了$(thing)Curios API$()，你能够将$(item)印记$()作为饰品放入。如果你想同时配戴更多饰品，为你的$(l:bloodmagic:alchemy_array/living_equipment/living_basics)束灵铠甲$()提供$(l:bloodmagic:alchemy_array/living_equipment/armor_upgrades/curios_sockets)插槽$()。"
    }
  ]
}
