{
  "name": "磁引印记",
  "icon": "bloodmagic:sigilofmagnetism",
  "category": "bloodmagic:alchemy_array/sigil",
  "pages": [
    {
      "type": "patchouli:text",
      "text": "活化后将玩家的拾取距离提高到7个方块远。透过手持印记并且按下[$(k:sneak)]及[$(k:use)]切换开关。 $(br2)代价为启用时每5秒50 $(blood)LP$()。"
    },
    {
      "type": "bloodmagic:crafting_2-step_sigil",
      "alchemy_table.heading": "磁引试剂",
      "alchemy_table.recipe": "bloodmagic:alchemytable/reagent_magnetism",
      "array.heading": "磁引印记",
      "array.recipe": "bloodmagic:array/magnetismsigil"
    },
    {
      "type": "patchouli:text",
      "flag": "mod:curios",
      "text": "由于你安装了$(thing)Curios API$()，你能够将$(item)印记$()作为饰品放入。如果你想同时配戴更多饰品，考虑使用 $(l:bloodmagic:alchemy_array/sigil/holding)维持印记$()，或者为你的$(l:bloodmagic:alchemy_array/living_equipment/living_basics)束灵铠甲$()提供$(l:bloodmagic:alchemy_array/living_equipment/armor_upgrades/curios_sockets)插槽$()。"
    }
  ]
}